Date,Open,High,Low,Close,Volume
1960-01-31,35.48,35.77,32.91,32.91,0
1960-02-29,33.12,33.63,32.38,33.19,0
1960-03-31,33.13,33.13,31.62,32.71,0
1960-04-30,32.76,33.43,32.11,32.11,0
1960-05-31,31.97,32.95,31.97,32.95,0
1960-06-30,32.98,34.22,32.98,33.57,0
1960-07-31,33.65,33.83,31.93,32.71,0
1960-08-31,32.73,34.2,32.25,33.54,0
1960-09-30,33.62,33.62,30.88,31.49,0
1960-10-31,31.4,32.27,30.7,31.39,0
1960-11-30,31.72,33.17,31.72,32.64,0
1960-12-31,32.49,34.12,32.49,34.12,0
1961-01-31,33.81,36.52,33.81,36.41,0
1961-02-28,36.49,37.52,36.09,37.52,0
1961-03-31,37.52,38.63,37.52,38.63,0
1961-04-30,38.96,40.86,38.35,38.92,0
1961-05-31,38.84,40.25,38.84,39.81,0
1961-06-30,39.82,40.15,38.69,38.82,0
1961-07-31,39.17,40.24,38.76,40.24,0
1961-08-31,40.61,41.37,40.36,41.2,0
1961-09-30,41.28,41.46,39.92,40.54,0
1961-10-31,40.57,41.85,40.55,41.85,0
1961-11-30,41.93,43.96,41.93,43.66,0
1961-12-31,43.95,44.53,43.5,43.97,0
1962-01-31,43.97,44.22,41.57,42.39,0
1962-02-28,42.39,43.84,42.22,43.15,0
1962-03-31,43.16,44.11,42.74,42.99,0
1962-04-30,42.99,43.16,40.22,40.4,0
1962-05-31,40.4,41.46,32.96,37,0
1962-06-30,37,37.21,31.91,34.04,0
1962-07-31,34.04,36.5,33.87,36.27,0
1962-08-31,36.28,37.64,35.38,36.91,0
1962-09-30,36.91,37.21,34.73,35.19,0
1962-10-31,35.2,36.19,32.92,35.42,0
1962-11-30,35.43,39.42,35.04,39.1,0
1962-12-31,39.1,39.91,38.48,39.7,0
1963-01-31,39.7,41.84,39.2,41.58,0
1963-02-28,41.65,42.02,40.19,40.33,0
1963-03-31,40.32,41.97,40.02,41.69,0
1963-04-30,41.69,43.88,41.48,43.65,0
1963-05-31,43.64,44.41,43.15,44.2,0
1963-06-30,44.2,44.47,42.88,43.24,0
1963-07-31,43.24,43.92,42.06,43.03,0
1963-08-31,43.02,45.18,42.72,45.05,0
1963-09-30,45.05,45.84,44.23,44.49,0
1963-10-31,44.49,46.58,44.4,45.85,0
1963-11-30,45.84,46.11,42.99,45.3,0
1963-12-31,45.3,46.55,45.17,46.34,0
1964-01-31,46.35,48.2,46.23,47.77,0
1964-02-29,47.78,48.71,47.38,48.41,0
1964-03-31,48.42,49.83,48.23,49.33,0
1964-04-30,49.34,50.88,49.15,49.83,0
1964-05-31,49.84,51.38,49.24,50.58,0
1964-06-30,50.59,51.87,49.25,51.62,0
1964-07-31,51.63,53.42,51.48,52.77,0
1964-08-31,52.78,52.98,51.29,52.12,0
1964-09-30,52.13,54.21,51.96,53.82,0
1964-10-31,53.83,54.98,53.54,54.48,0
1964-11-30,54.49,55.87,54.18,54.39,0
1964-12-31,54.4,55.1,53.36,54.83,0
1965-01-31,54.84,57.45,54.21,57.03,0
1965-02-28,57.05,57.59,55.78,57.33,0
1965-03-31,57.35,57.87,56.49,56.95,0
1965-04-30,56.97,59.62,56.78,59.34,0
1965-05-31,59.36,60.58,58.48,59.29,0
1965-06-30,59.31,59.57,54.55,56.85,0
1965-07-31,56.88,58.65,56.5,58.06,0
1965-08-31,58.08,60.26,57.79,59.84,0
1965-09-30,59.86,63,59.53,62.23,0
1965-10-31,62.25,64.92,61.8,64.43,0
1965-11-30,64.45,65.32,63.78,64.34,0
1965-12-31,64.36,65.89,62.74,65.45,0
1966-01-31,65.46,67.19,64.9,66.05,0
1966-02-28,66.06,67.45,64.55,65.12,0
1966-03-31,65.14,65.44,62.03,64,0
1966-04-30,64.02,66.91,63.82,65.59,0
1966-05-31,65.6,66.1,60.06,62.3,0
1966-06-30,62.32,63.69,60.86,61.58,0
1966-07-31,61.59,64.17,60.57,61.01,0
1966-08-31,60.95,61.87,54.18,56.53,0
1966-09-30,56.55,59.39,55.08,56.39,0
1966-10-31,56.4,59.84,53.3,59.33,0
1966-11-30,59.34,61.55,58.55,59.77,0
1966-12-31,59.78,62.44,59.08,59.95,0
1967-01-31,59.97,66.16,59.32,65.13,0
1967-02-28,65.16,67.2,64.46,65.72,0
1967-03-31,65.74,69.92,65.66,68.86,0
1967-04-30,68.89,72.89,67.22,72.31,0
1967-05-31,72.33,73.45,68.79,69.08,0
1967-06-30,69.11,72.67,67.69,70.88,0
1967-07-31,70.9,75.26,70.5,74.66,0
1967-08-31,74.69,76.4,73.05,74.44,0
1967-09-30,74.47,78.63,73.96,77.47,0
1967-10-31,77.5,78.89,75.38,75.39,0
1967-11-30,75.42,77.75,73.15,76.55,0
1967-12-31,76.58,79.54,76.1,79.19,0
1968-01-31,79.22,80.54,75.54,76.34,0
1968-02-29,76.37,77.39,72,74.49,0
1968-03-31,74.52,76.4,72.6,75.79,0
1968-04-30,76.59,83.46,76.59,82.52,0
1968-05-31,82.55,84.93,81.56,84.27,0
1968-06-30,84.33,88.09,84.33,85.6,0
1968-07-31,85.63,89.32,83.8,84.58,0
1968-08-31,84.61,86.76,82.96,86.16,0
1968-09-30,86.19,90.85,85.71,90.08,0
1968-10-31,90.12,93.26,89.35,91.39,0
1968-11-30,91.42,97.07,90.08,96.43,0
1968-12-31,96.47,97.36,92.3,93.09,0
1969-01-31,93.13,94.07,86.88,93.12,0
1969-02-28,93.16,94.79,88.57,89.34,0
1969-03-31,89.38,93.92,88.75,93.15,0
1969-04-30,93.19,96.76,91.07,95.96,0
1969-05-31,96,99.18,95.11,96.56,0
1969-06-30,96.59,96.87,89.44,91.97,0
1969-07-31,92.01,94.59,83.55,87.18,0
1969-08-31,87.31,92.16,87.17,91.47,0
1969-09-30,91.5,93.15,88.11,89.96,0
1969-10-31,90,96.2,88.63,94.74,0
1969-11-30,94.78,97.04,90.67,92.25,0
1969-12-31,92.29,92.94,87.67,91.39,0
1970-01-31,91.4,93.58,84.02,84.62,0
1970-02-28,84.63,90.11,84.26,89.29,0
1970-03-31,89.3,91.06,86.16,89.65,0
1970-04-30,89.66,90.74,79.54,81.76,0
1970-05-31,81.77,82.58,68.97,76.98,0
1970-06-30,76.99,80.48,72.86,73.33,0
1970-07-31,73.34,79.91,71.32,78.92,0
1970-08-31,78.93,83.6,75.04,82.65,0
1970-09-30,82.66,86.4,81.08,85.7,0
1970-10-31,85.71,89.25,83.86,84.86,0
1970-11-30,84.88,89.53,83.97,89.12,0
1970-12-31,89.13,95.29,88.01,94.44,0
1971-01-31,94.44,99,92.9,98.37,0
1971-02-28,98.38,102.2,97.86,101.3,0
1971-03-31,101.8,106,101.8,106,0
1971-04-30,106.3,112.5,106.3,112.3,0
1971-05-31,111.3,111.8,107.5,108.3,0
1971-06-30,108.9,110.8,105.5,107.8,0
1971-07-31,108.5,111.2,105.3,105.3,0
1971-08-31,105.6,109.3,103,108.4,0
1971-09-30,108.6,110.6,108.2,109,0
1971-10-31,109.6,111,104.3,105.1,0
1971-11-30,103.7,105.7,100.3,104,0
1971-12-31,105.8,114.1,105.8,114.1,0
1972-01-31,113.6,118.9,113.6,118.9,0
1972-02-29,119.6,125.4,119.6,125.4,0
1972-03-31,126.3,128.9,125.7,128.1,0
1972-04-30,128.1,134.1,115.2,131.3,0
1972-05-31,130.2,133.9,125.8,132.5,0
1972-06-30,133.1,133.5,129.3,130.1,0
1972-07-31,130.6,131.9,127.1,127.8,0
1972-08-31,128.4,131.7,128.4,129.9,0
1972-09-30,130.7,130.7,126.8,129.6,0
1972-10-31,129.3,130.2,125.9,130.2,0
1972-11-30,131.6,133.6,131.6,133,0
1972-12-31,133.9,135.1,131.1,133.7,0
1973-01-31,134.6,136.8,128.2,128.4,0
1973-02-28,126.9,127.2,119.8,120.4,0
1973-03-31,119.5,122.3,115.5,117.5,0
1973-04-30,115.8,115.8,107.8,107.8,0
1973-05-31,108,110.9,100.8,102.6,0
1973-06-30,102.3,104.8,99.4,101,0
1973-07-31,100.1,109.4,99.4,108.6,0
1973-08-31,107.1,107.3,101.3,104.9,0
1973-09-30,105.5,111.3,105.3,111.2,0
1973-10-31,111,114.1,110.2,110.2,0
1973-11-30,109.6,109.6,93.1,93.5,0
1973-12-31,92,93.5,88.7,92.2,0
1974-01-31,92.5,95.9,91.4,94.9,0
1974-02-28,94.1,94.3,90.1,94.3,0
1974-03-31,94.1,96.5,92.3,92.3,0
1974-04-30,91.9,92.1,86,86.9,0
1974-05-31,87.6,88,79.8,80.2,0
1974-06-30,81.1,83.9,76,76,0
1974-07-31,75.4,75.4,69.6,70,0
1974-08-31,69.6,71.7,61.4,62.4,0
1974-09-30,60.9,60.9,55.7,55.7,0
1974-10-31,55.5,65.2,54.9,65.2,0
1974-11-30,65.1,66.7,60.8,62.9,0
1974-12-31,61.7,61.7,57.9,59.8,0
1975-01-31,60.7,69.8,60.7,69.8,0
1975-02-28,70.7,73.8,70.1,72.5,0
1975-03-31,73.8,76.3,73.8,75.7,0
1975-04-30,75.4,79.1,74.3,78.5,0
1975-05-31,79.3,82.9,79.3,80.1,0
1975-06-30,83.9,87,82.9,87,0
1975-07-31,86.3,88,82.7,83.2,0
1975-08-31,81.8,81.8,75.5,79,0
1975-09-30,77.9,78.1,73.8,74.3,0
1975-10-31,73.8,79.1,73.8,77,0
1975-11-30,76.6,79.3,76.6,78.8,0
1975-12-31,78.7,78.7,71.2,77.6,0
1976-01-31,78.1,87.1,78.1,87.1,0
1976-02-29,87.3,92.1,87.3,90.3,0
1976-03-31,90.3,91.2,89.5,90.6,0
1976-04-30,90.4,91.6,88.6,90.1,0
1976-05-31,89.1,90.6,87.8,88,0
1976-06-30,87.8,90.3,86.9,90.3,0
1976-07-31,90.3,92.5,90.3,91.3,0
1976-08-31,91.3,92,89.1,89.7,0
1976-09-30,90.6,92.4,90.5,91.3,0
1976-10-31,90.4,90.5,88.7,90.3,0
1976-11-30,90.4,91.4,87.8,91.1,0
1976-12-31,91.8,97.9,91.8,97.9,0
1977-01-31,97.7,97.7,95.5,95.5,0
1977-02-28,96.3,96.7,94.6,94.6,0
1977-03-31,95.1,96.6,94.1,94.1,0
1977-04-30,94.5,96.4,93.7,95.5,0
1977-05-31,95.8,98.5,95.6,95.6,0
1977-06-30,95.9,99.7,95.8,99.7,0
1977-07-31,99.9,103.1,99.9,100.6,0
1977-08-31,100.8,100.9,99.9,100.1,0
1977-09-30,100.4,101.3,99.5,100.8,0
1977-10-31,101.2,101.7,96.8,97.5,0
1977-11-30,96.7,104.3,96.5,103.1,0
1977-12-31,103.7,105.1,102.5,105.1,0
1978-01-31,104,104,99.1,100.8,0
1978-02-28,101.5,103.6,101.5,101.5,0
1978-03-31,101.5,106.2,101.5,106.2,0
1978-04-30,105.9,115.2,105.9,115.2,0
1978-05-31,116,121.9,116,120.2,0
1978-06-30,120.3,124.5,119.2,120.3,0
1978-07-31,120.1,126.3,118.8,126.3,0
1978-08-31,126.8,135.8,126.8,135,0
1978-09-30,135.4,139.3,132,132.9,0
1978-10-31,133.3,135.6,111.1,111.1,0
1978-11-30,114.6,116.2,110.9,114.7,0
1978-12-31,116.2,119.1,114.3,118,0
1979-01-31,117.8,127,117.8,125.8,0
1979-02-28,125.8,125.8,122.6,122.6,0
1979-03-31,123.3,131.8,123.3,131.8,0
1979-04-30,131.4,134.8,131.4,133.8,0
1979-05-31,133.8,134.2,129,131.4,0
1979-06-30,131.8,138.1,131.8,138.1,0
1979-07-31,137,141.3,137,141.3,0
1979-08-31,141.9,150.4,141.9,150.4,0
1979-09-30,148.5,150.6,146,150,0
1979-10-31,149.6,152.3,132.6,135.5,0
1979-11-30,136.4,144.3,134.1,144.3,0
1979-12-31,143.9,151.1,143.9,151.1,0
1980-01-31,148.2,161.8,146,161.8,0
1980-02-29,162.3,165.3,157.5,158,0
1980-03-31,156.9,156.9,124.1,131,0
1980-04-30,133.1,140,133.1,140,0
1980-05-31,139.7,150.7,139.7,150.4,0
1980-06-30,150.2,159.2,149.9,157.8,0
1980-07-31,158.2,172.3,158.2,171.8,0
1980-08-31,172.5,182.4,171.9,181.5,0
1980-09-30,182.3,195.9,182.3,187.8,0
1980-10-31,189.6,199.4,189.6,192.8,0
1980-11-30,193.1,208.1,193.1,208.1,0
1980-12-31,204.9,206.2,188.8,202.3,0
1981-01-31,203.6,204.2,195.9,197.8,0
1981-02-28,193.1,198,192.3,198,0
1981-03-31,199.1,210.2,198.2,210.2,0
1981-04-30,211.3,219.9,211.3,216.7,0
1981-05-31,216.7,223.5,211.6,223.5,0
1981-06-30,223,223,215.8,215.8,0
1981-07-31,214.6,214.6,206.2,211.6,0
1981-08-31,210.4,212.4,195.8,195.8,0
1981-09-30,195.2,195.4,175,180,0
1981-10-31,181.1,195.2,181.1,195.2,0
1981-11-30,197.3,201.4,197.2,201.4,0
1981-12-31,201.1,201.1,193.9,195.8,0
1982-01-31,195.5,195.5,183.4,188.4,0
1982-02-28,186.8,188.2,177.5,179.4,0
1982-03-31,180.1,180.1,167.9,175.6,0
1982-04-30,177.3,185.8,177.3,184.7,0
1982-05-31,185,188.2,178.4,178.5,0
1982-06-30,177.4,177.8,168,171.3,0
1982-07-31,170.6,172.1,166.8,167.4,0
1982-08-31,168.4,179,159.7,179,0
1982-09-30,177.3,189,177.3,187.6,0
1982-10-31,188.7,216.8,188,212.6,0
1982-11-30,214.5,232.6,214.5,232.3,0
1982-12-31,235.6,240.7,225.6,232.4,0
1983-01-31,230.6,248.4,230.6,248.4,0
1983-02-28,248.1,262.4,248.1,260.7,0
1983-03-31,261.8,270.9,261.8,270.8,0
1983-04-30,268.7,293.1,266.5,293.1,0
1983-05-31,290.5,312,289.6,308.7,0
1983-06-30,307.9,328.9,307.9,318.7,0
1983-07-31,318.7,320.8,304,304,0
1983-08-31,302.1,303.9,289.4,292.4,0
1983-09-30,294.4,304.6,294.4,296.6,0
1983-10-31,294.6,297.4,274.5,274.5,0
1983-11-30,273,285.7,269.6,285.7,0
1983-12-31,286.1,286.1,274.5,278.6,0
1984-01-31,277.6,287.9,268.4,268.4,0
1984-02-29,266.4,266.4,247.1,251.1,0
1984-03-31,253.5,255.5,249,250.8,0
1984-04-30,249.8,249.8,241.8,247.4,0
1984-05-31,250.3,253,231.9,232.8,0
1984-06-30,235.9,241.1,235.6,239.4,0
1984-07-31,237.9,238.3,225.3,229.7,0
1984-08-31,233.4,254.8,233.4,254.6,0
1984-09-30,251.4,255.6,249.9,249.9,0
1984-10-31,247.9,252.2,243.3,247,847574100
1984-11-30,247.1,252.3,242.4,242.4,1127615700
1984-12-31,241.9,250.2,237.7,247.1,1193069100
1985-01-31,247.1,278.9,245.8,278.7,1657315800
1985-02-28,277.9,289.3,277.9,284.2,1620850500
1985-03-31,285.1,287.8,275.6,279.2,1498518300
1985-04-30,279.5,284.8,276.2,280.6,1400998500
1985-05-31,280.5,294.8,278.8,290.8,1556141100
1985-06-30,291.4,296.2,286.7,296.2,1471799400
1985-07-31,295.9,307.9,295.5,301.3,1645579200
1985-08-31,302.6,304.6,295.1,297.7,1521480000
1985-09-30,297.3,297.7,279.5,280.3,1241540700
1985-10-31,280.6,292.8,276.6,292.5,1728256200
1985-11-30,293,314,292.5,314,1712018400
1985-12-31,313.9,325.6,312.3,324.9,2057178600
1986-01-31,325,335.8,322.1,335.8,2242090500
1986-02-28,336.1,359.8,335.8,359.5,2181315000
1986-03-31,360,374.7,359.1,374.7,2414187000
1986-04-30,375.8,393,368,383.2,2617578000
1986-05-31,383.2,400.4,381.5,400.2,2243457600
1986-06-30,400.7,405.5,391.8,405.5,2389542000
1986-07-31,407,411.3,369.1,371.4,2242267200
1986-08-31,372.5,383.2,364.4,382.9,1954432200
1986-09-30,382.8,384,342.3,350.7,2048957400
1986-10-31,352.5,361.6,351.2,360.8,2002187700
1986-11-30,361,362.5,349.1,359.6,1929536100
1986-12-31,357.4,364.7,347,348.8,2426267700
1987-01-31,351.3,396.2,348.8,392.1,2961696600
1987-02-28,393.8,425,392,425,2817621000
1987-03-31,425,440,422.9,430.1,3073650000
1987-04-30,426.3,439.2,407.4,417.8,2815110000
1987-05-31,418.6,424.8,404.5,416.5,2588841000
1987-06-30,415.5,429.9,413.5,424.7,3045657000
1987-07-31,424.5,434.9,423.7,434.9,3142935000
1987-08-31,433.3,455.8,431.2,455,2916480000
1987-09-30,455.5,456.3,434.9,444.3,2876397000
1987-10-31,446.2,453.7,288.5,323.3,3789006000
1987-11-30,325.4,328.8,301.6,305.2,2322535500
1987-12-31,306.4,333.2,291.9,330.5,2737650300
1988-01-31,335.1,349.7,329,344.7,2292673200
1988-02-29,346.2,367,343.5,367,2318369100
1988-03-31,367.4,382.6,366.7,374.6,2934038400
1988-04-30,373.7,384.3,369.8,379.2,2327083200
1988-05-31,379,383.1,362.4,370.3,2294626200
1988-06-30,372.7,394.8,372.7,394.7,2879317200
1988-07-31,394.2,397.5,382.1,387.3,2426955900
1988-08-31,387.6,389.5,372.2,376.6,2409611400
1988-09-30,374.2,388.4,372.2,387.7,2180031600
1988-10-31,384.7,388.9,380.7,382.5,2321772900
1988-11-30,382.7,383.1,364,371.5,2125840500
1988-12-31,372.1,381.4,371.2,381.4,2312668200
1989-01-31,378.9,401.4,376.9,401.3,2525889300
1989-02-28,401.8,410.1,398.2,399.7,2350528500
1989-03-31,401,409.8,397.8,406.7,2668421100
1989-04-30,407,427.6,406.5,427.6,2475548400
1989-05-31,425.9,446.2,425.8,446.2,2859629100
1989-06-30,446.8,454.6,431.7,435.3,2803671000
1989-07-31,434.5,453.8,434.4,453.8,2324479200
1989-08-31,455.2,469.4,452.4,469.3,2843075100
1989-09-30,469.9,474.6,464.9,472.9,2439399300
1989-10-31,472.8,487.5,447.1,455.6,2939237100
1989-11-30,456.2,457.8,446.8,456.1,2354936700
1989-12-31,456.6,459.4,431.8,454.8,2583288900
1990-01-31,452.9,461.6,410,415.8,2815881900
1990-02-28,416.8,430.9,416.2,425.8,2251455600
1990-03-31,425.3,443.3,424.5,435.5,2683468500
1990-04-30,431.6,438.5,417,420.1,2410048500
1990-05-31,422,460,420.7,459,3225770100
1990-06-30,459.5,469.4,453.2,462.3,2922701700
1990-07-31,461.6,470.3,436.8,438.2,2775919800
1990-08-31,437.7,438.6,359.7,381.2,2893527600
1990-09-30,379,385.2,334.6,344.5,1943142000
1990-10-31,349,360.9,323,329.8,2500286400
1990-11-30,328.6,359.1,327.8,359.1,2211753900
1990-12-31,361.1,378,359.8,373.8,2325093000
1991-01-31,373,414.2,353,414.2,2719654800
1991-02-28,415.1,454.2,413.5,453.1,3081052800
1991-03-31,450.6,483.32,450.3,482.3,3334245300
1991-04-30,480.18,512.68,479.12,484.72,3826001400
1991-05-31,481.94,506.12,476.58,506.11,3141279600
1991-06-30,505.84,508.04,470.92,475.92,2636996400
1991-07-31,478.06,502.13,471.24,502.04,2881242300
1991-08-31,502.27,527.71,487.08,525.68,3045192000
1991-09-30,526.3,529.21,511.05,526.88,2990554500
1991-10-31,527.14,543.01,513.21,542.98,3785964900
1991-11-30,542.17,558.16,516.39,523.9,3441139500
1991-12-31,519.48,586.35,518.63,586.34,3378094800
1992-01-31,580.04,632.99,576.13,620.21,5213152200
1992-02-29,620.57,646.09,617.08,633.47,3924200100
1992-03-31,634.04,637.21,599.6,603.77,3764844600
1992-04-30,598.62,603.17,557.06,578.68,3670440300
1992-05-31,579.73,591.21,571.01,585.31,2896931400
1992-06-30,583.67,591.07,545.95,563.6,3338355900
1992-07-31,563.73,581.01,553.76,580.83,3340234500
1992-08-31,579.62,583.84,550.36,563.12,2867515500
1992-09-30,562.51,594.21,562.36,583.27,3441716100
1992-10-31,581.08,606.58,551.72,605.17,3928031700
1992-11-30,603.76,652.75,603.31,652.73,4096305900
1992-12-31,650.58,676.95,648.75,676.95,4603230300
1993-01-31,675.31,711.03,670.51,696.34,4824337800
1993-02-28,697.98,711.28,647.79,670.77,4625457300
1993-03-31,670.88,697.41,668.74,690.13,4760809500
1993-04-30,690.82,691.15,644.71,661.42,4544910000
1993-05-31,662.75,707.05,661.43,700.53,4749007800
1993-06-30,700.96,706.63,682.89,703.95,4995318300
1993-07-31,702.01,713.96,694.53,704.7,4827909000
1993-08-31,706.38,742.91,705.06,742.84,5312215800
1993-09-30,743.65,766.57,724.48,762.78,5372312400
1993-10-31,761.62,791.2,758.9,779.26,6231734700
1993-11-30,780.37,786.1,737.67,754.39,5809598400
1993-12-31,759.9,776.87,750.3,776.8,5789370900
1994-01-31,774.11,800.63,768.41,800.47,6215506200
1994-02-28,798.42,799.99,767.3,792.5,5574382800
1994-03-31,792.1,804.43,731.85,743.46,6809441400
1994-04-30,723.06,755.35,703.4,733.84,5229743400
1994-05-31,733.97,742.46,703.84,735.19,5341148100
1994-06-30,733.18,744.94,690.95,705.96,5595019500
1994-07-31,706.29,725.19,699.41,722.16,4962349800
1994-08-31,722.84,767.6,715.91,765.62,6227214900
1994-09-30,763,779.58,752.49,764.29,5547087300
1994-10-31,764.47,778.81,737.62,777.49,6161798700
1994-11-30,776.25,776.86,728.78,750.32,5754951600
1994-12-31,748.83,751.98,710.94,751.96,5737848900
1995-01-31,751.31,774.31,740.47,755.2,5979648900
1995-02-28,756.68,796.02,756.68,793.73,5771635800
1995-03-31,794.33,829.92,790.35,817.21,7068837000
1995-04-30,816.06,844.42,810.89,843.98,6426951000
1995-05-31,844.72,885.92,839.43,864.58,7564387500
1995-06-30,865.67,941.17,863.84,933.45,8179480200
1995-07-31,933.99,1023.03,931.99,1001.21,8422210200
1995-08-31,1001.57,1035.19,970.81,1020.11,9181824900
1995-09-30,1019.42,1070.23,1008.44,1043.54,8354692200
1995-10-31,1041.39,1050.65,959.36,1036.06,8984255700
1995-11-30,1037.3,1068.81,1016.58,1059.2,8876208300
1995-12-31,1060.66,1074.85,1001.53,1052.13,9274425000
1996-01-31,1052.83,1059.81,977.79,1059.79,10533375300
1996-02-29,1058.26,1121.89,1057.82,1100.05,9942099900
1996-03-31,1098.94,1119.84,1057.87,1101.4,9903430500
1996-04-30,1105.77,1190.87,1092.44,1190.52,11115108900
1996-05-31,1190.48,1252.81,1163.21,1243.43,13532058000
1996-06-30,1242.54,1254.12,1147.75,1185.02,10675563000
1996-07-31,1185.64,1198.04,1008.44,1080.59,10981365600
1996-08-31,1081.34,1153.9,1080.41,1141.5,9017698500
1996-09-30,1133.3,1237.26,1123.14,1226.92,9901700700
1996-10-31,1223.73,1269.62,1202.36,1221.51,11665771200
1996-11-30,1223.72,1293.75,1218.23,1292.61,10205429400
1996-12-31,1294.78,1328.95,1251.03,1291.03,11023206300
1997-01-31,1292.65,1400.53,1272.34,1379.85,13089192000
1997-02-28,1383.97,1384.51,1296.88,1309,11195154000
1997-03-31,1306.21,1332.34,1220.4,1221.7,11005815300
1997-04-30,1211.28,1267.41,1194.16,1260.76,11580732000
1997-05-31,1263.93,1414.26,1260.94,1400.32,12002198700
1997-06-30,1407.07,1467.29,1375.45,1442.07,11700264900
1997-07-31,1442.65,1595.76,1432.42,1593.81,13328360100
1997-08-31,1594.67,1638.26,1545.13,1587.32,12481009200
1997-09-30,1595.07,1702.49,1595.07,1685.69,13652539500
1997-10-31,1690.79,1748.78,1465.84,1593.61,17531420700
1997-11-30,1609.62,1654.43,1508.41,1600.55,10869505200
1997-12-31,1608.56,1652.84,1486.51,1570.35,13881747300
1998-01-31,1574.1,1629.54,1465.61,1619.36,12776414400
1998-02-28,1640.06,1783.74,1640.06,1770.51,13544650200
1998-03-31,1778.72,1840.83,1708.48,1835.68,15785262000
1998-04-30,1838.15,1931.83,1788.74,1868.41,16082006400
1998-05-31,1871.81,1890.8,1742.05,1778.87,13371326100
1998-06-30,1770.37,1898.62,1715.04,1894.74,14786358300
1998-07-31,1904.24,2028.18,1871.72,1872.39,16365628500
1998-08-31,1869.72,1874.31,1498.73,1499.25,14643910200
1998-09-30,1509.01,1769.71,1475.49,1693.84,14772166500
1998-10-31,1663.3,1781.63,1343.87,1771.39,18040019100
1998-11-30,1783.71,2025.04,1771.4,1949.54,16458823800
1998-12-31,1928.51,2200.63,1924.15,2192.69,17740373100
1999-01-31,2207.54,2506.68,2192.68,2505.89,19089235800
1999-02-28,2522.38,2533.44,2224.21,2288.03,16218502500
1999-03-31,2286.83,2520.63,2235.19,2461.4,19712577600
1999-04-30,2493.07,2677.76,2329.87,2542.86,21786552000
1999-05-31,2546.33,2632.74,2339.12,2470.52,17223032700
1999-06-30,2467.51,2696.87,2364.59,2686.12,18235430700
1999-07-31,2692.96,2874.92,2619.08,2638.49,19451563800
1999-08-31,2638.31,2819.9,2442.22,2739.35,18829440300
1999-09-30,2752.33,2897.53,2684.7,2746.16,19840145700
1999-10-31,2729.04,2978.63,2632.01,2966.43,21097022100
1999-11-30,2970.93,3469.35,2967.63,3336.16,26741266500
1999-12-31,3341.1,4090.61,3321.57,4069.31,29049675300
2000-01-31,4186.19,4303.15,3711.09,3940.35,31081585800
2000-02-29,3961.07,4698.46,3911.84,4696.69,33149571000
2000-03-31,4732.82,5132.52,4355.69,4572.83,40176455700
2000-04-30,4494.89,4572.84,3227.04,3860.66,32687612100
2000-05-31,3930.18,3982.38,3042.66,3400.91,28673741400
2000-06-30,3471.95,4073.73,3459.85,3966.11,31017713400
2000-07-31,3950.59,4289.06,3615.79,3766.99,28751982300
2000-08-31,3760.95,4208.73,3521.14,4206.35,30897315600
2000-09-30,4252.15,4259.87,3614.66,3672.82,32296416900
2000-10-31,3714.48,3714.48,3026.11,3369.63,41039979300
2000-11-30,3316.51,3480.01,2523.04,2597.93,35509176300
2000-12-31,2644.09,3028.75,2288.16,2470.52,41242886700
2001-01-31,2474.16,2892.36,2251.71,2772.73,45941795400
2001-02-28,2771.57,2796.89,2127.5,2151.83,33878077200
2001-03-31,2126.3,2243.78,1794.21,1840.26,41588911800
2001-04-30,1835.22,2202.86,1619.58,2116.24,39664462800
2001-05-31,2116.24,2328.05,2052.41,2110.5,38563147500
2001-06-30,2131.12,2264.58,1973.7,2160.54,34016963400
2001-07-31,2156.76,2181.05,1934.67,2027.12,30515652900
2001-08-31,2051.56,2103.16,1777.11,1805.43,30166735500
2001-09-30,1802.29,1836.19,1387.06,1498.8,28671388500
2001-10-31,1491.45,1792.87,1458.41,1690.2,40813877700
2001-11-30,1705.52,1965.09,1683.99,1930.58,35641998900
2001-12-31,1915.13,2065.69,1898.98,1950.4,33051623400
2002-01-31,1965.18,2098.88,1851.49,1934.06,36359261400
2002-02-28,1928.83,1942.15,1696.55,1731.49,31641101700
2002-03-31,1745.49,1946.23,1742.08,1858.25,33744371100
2002-04-30,1834.59,1865.37,1640.97,1688.23,35943114300
2002-05-31,1683.76,1759.33,1560.29,1615.73,37016613300
2002-06-30,1613.5,1621.5,1375.53,1463.21,34073553900
2002-07-31,1457.04,1459.84,1192.42,1328.26,42071033100
2002-08-31,1322.47,1426.76,1205.68,1314.85,29286406800
2002-09-30,1302.67,1347.27,1160.07,1172.06,26997602400
2002-10-31,1180.26,1347.58,1108.49,1329.75,36019048800
2002-11-30,1320.95,1497.44,1313.72,1478.78,33176494500
2002-12-31,1507.94,1521.44,1327.19,1335.51,27084045900
2003-01-31,1346.93,1467.35,1303.64,1320.91,28735167900
2003-02-28,1324.74,1352.07,1261.79,1337.52,22667857200
2003-03-31,1344.21,1425.73,1253.22,1341.17,28957400700
2003-04-30,1347.54,1482.49,1338.23,1464.31,28608129900
2003-05-31,1463,1599.92,1451.32,1595.91,35733678300
2003-06-30,1612.1,1686.1,1584.7,1622.8,38289020700
2003-07-31,1617.3,1776.1,1598.92,1735.02,35537690100
2003-08-31,1731.63,1813.82,1640.88,1810.45,28173475800
2003-09-30,1817.92,1913.74,1783.46,1786.94,37122977400
2003-10-31,1797.07,1966.87,1796.09,1932.21,38340989100
2003-11-30,1941.31,1992.27,1878.07,1960.26,31666434900
2003-12-31,1972.97,2015.23,1887.46,2003.37,32987918400
2004-01-31,2011.08,2153.83,1999.77,2066.15,42754601700
2004-02-29,2072.13,2094.92,1991.05,2029.82,33402661200
2004-03-31,2036.92,2069.02,1896.91,1994.22,39522675000
2004-04-30,1996.45,2079.12,1919.39,1920.15,37342401600
2004-05-31,1928.72,1991.87,1865.4,1986.74,30367085400
2004-06-30,1978.52,2055.65,1960.26,2047.79,30319943700
2004-07-31,2045.53,2045.53,1829.06,1887.36,33211881000
2004-08-31,1874.93,1893.13,1750.82,1838.1,28666003800
2004-09-30,1833.37,1925.85,1833.33,1896.84,29104424400
2004-10-31,1909.59,1984.18,1899.33,1974.99,33457103400
2004-11-30,1975.48,2117.89,1969.32,2096.81,35273235300
2004-12-31,2104.58,2185.56,2097.86,2175.44,41273325600
2005-01-31,2184.75,2191.6,2008.68,2062.41,40116452100
2005-02-28,2063.27,2103.45,2023,2051.72,34068829500
2005-03-31,2057.47,2100.57,1968.58,1999.23,36995753400
2005-04-30,2009.09,2021.82,1889.83,1921.65,34891674900
2005-05-31,1923.23,2076.8,1916.03,2068.22,31827771300
2005-06-30,2067.23,2106.57,2039.69,2056.96,34133157600
2005-07-31,2060.97,2201.39,2050.3,2184.83,30413148300
2005-08-31,2191.49,2219.91,2112.25,2152.09,31842000300
2005-09-30,2150.03,2186.83,2093.06,2151.69,32354774400
2005-10-31,2152.7,2167,2025.58,2120.3,33945837000
2005-11-30,2109.89,2269.3,2108.86,2232.82,33344406000
2005-12-31,2244.85,2278.16,2200.51,2205.32,31939231800
2006-01-31,2216.53,2332.91,2189.9,2305.82,38857055400
2006-02-28,2294.11,2313.53,2232.67,2281.38,34506617700
2006-03-31,2288.14,2353.13,2239.54,2339.79,44237635500
2006-04-30,2352.24,2375.54,2299.41,2322.57,36481556400
2006-05-31,2329.79,2352.56,2135.81,2178.87,42709115400
2006-06-30,2179.82,2233.87,2065.11,2172.09,40378749300
2006-07-31,2177.9,2190.43,2012.78,2091.47,33856956900
2006-08-31,2080.34,2193.34,2048.22,2183.75,35505149400
2006-09-30,2194.56,2273.3,2147.43,2258.42,34693603500
2006-10-31,2257,2379.29,2224.21,2366.71,39724559400
2006-11-30,2373.49,2468.41,2316.82,2431.77,36217306200
2006-12-31,2430.75,2470.95,2392.95,2415.29,32618513100
2007-01-31,2429.72,2508.92,2394.65,2463.92,39700295700
2007-02-28,2474.08,2531.41,2395.35,2416.14,36921520800
2007-03-31,2377.17,2459.96,2331.57,2421.63,40514427000
2007-04-30,2425.36,2562.99,2409.04,2525.09,36936810000
2007-05-31,2529.95,2607.89,2510.57,2604.52,41154787800
2007-06-30,2614.01,2634.6,2534.97,2603.23,42166488300
2007-07-31,2617.38,2724.74,2545.89,2546.27,41949844800
2007-08-31,2538.5,2627.75,2386.68,2596.36,48477207900
2007-09-30,2596.37,2716.75,2536.92,2701.5,32789242500
2007-10-31,2704.25,2861.51,2698.13,2859.12,45339006600
2007-11-30,2835,2835.62,2539.81,2660.96,46699754700
2007-12-31,2654.9,2734.82,2553.99,2652.28,35110652700
2008-01-31,2653.9,2661.5,2202.54,2389.86,51347122800
2008-02-29,2392.58,2419.23,2252.64,2271.48,42563840100
2008-03-31,2271.26,2346.78,2155.41,2279.1,41818789200
2008-04-30,2306.51,2451.18,2266.29,2412.8,39735412500
2008-05-31,2416.49,2551.47,2416.49,2522.65,39788292300
2008-06-30,2514.82,2549.93,2290.59,2292.98,42750333000
2008-07-31,2274.24,2353.38,2167.29,2325.55,47125387800
2008-08-31,2326.83,2473.2,2280.92,2367.52,36719087700
2008-09-30,2402.11,2413.11,1983.73,2082.33,48102334200
2008-10-31,2075.1,2083.2,1493.79,1720.95,58159521600
2008-11-30,1718.89,1785.84,1295.48,1535.57,38997885300
2008-12-31,1496.24,1602.92,1398.07,1577.03,36846497700
2009-01-31,1578.87,1665.63,1434.08,1476.42,37195908000
2009-02-28,1460.85,1598.5,1372.42,1377.84,39413976600
2009-03-31,1356.13,1587,1265.52,1528.59,46017264900
2009-04-30,1504.87,1753.61,1498.54,1717.3,45275785200
2009-05-31,1719.29,1774.33,1664.19,1774.33,44037387900
2009-06-30,1796.09,1879.92,1753.78,1835.04,48249562500
2009-07-31,1846.12,2009.81,1727.05,1978.5,43788454800
2009-08-31,1998.35,2059.4,1929.64,2009.06,40930853100
2009-09-30,2001.3,2167.7,1958.04,2122.42,46177206300
2009-10-31,2111.77,2190.64,2040.21,2045.11,46955365200
2009-11-30,2047.42,2205.32,2024.27,2144.6,36155889000
2009-12-31,2162.23,2295.8,2155.96,2269.15,36520235100
2010-01-31,2294.41,2326.28,2140.34,2147.35,42432021900
2010-02-28,2155.81,2251.68,2100.17,2238.26,39836884800
2010-03-31,2247.4,2432.25,2247.33,2397.96,51108661500
2010-04-30,2411.68,2535.28,2383.77,2461.19,50711542200
2010-05-31,2472.32,2503,2140.53,2257.04,53198901600
2010-06-30,2244.79,2341.11,2105.26,2109.24,45229368900
2010-07-31,2110.75,2307.6,2061.14,2254.7,40836644100
2010-08-31,2283.32,2309.43,2099.29,2114.03,38868643200
2010-09-30,2142.75,2400.06,2141.95,2368.62,38675789100
2010-10-31,2386.82,2517.5,2332.46,2507.41,38631976800
2010-11-30,2520.45,2592.94,2459.79,2498.23,38031010800
2010-12-31,2535.19,2675.26,2535.19,2652.87,33765407700
2011-01-31,2676.65,2766.17,2663.64,2700.08,37406236800
2011-02-28,2717.61,2840.51,2705.54,2782.27,36479566200
2011-03-31,2791.08,2802.32,2603.5,2781.07,41896490700
2011-04-30,2796.67,2876.83,2706.5,2873.54,35362878000
2011-05-31,2881.28,2887.75,2739.85,2835.3,39122412300
2011-06-30,2829.39,2834.05,2599.88,2773.52,39590760300
2011-07-31,2775.08,2878.94,2724.99,2756.38,34673171400
2011-08-31,2791.45,2796.24,2331.65,2579.46,52989419100
2011-09-30,2583.34,2643.37,2414.31,2415.4,39986717100
2011-10-31,2401.33,2753.37,2298.89,2684.41,39792681900
2011-11-30,2607.31,2730.39,2441.48,2620.34,35709405300
2011-12-31,2615.67,2674.53,2518.01,2605.15,30855065700
2012-01-31,2657.39,2834.3,2627.23,2813.84,32853087000
2012-02-29,2830.1,3000.11,2825.19,2966.89,35087467800
2012-03-31,2979.11,3134.17,2900.28,3091.57,34118268300
2012-04-30,3085.94,3128.25,2946.04,3046.36,31428410700
2012-05-31,3044.79,3085.4,2774.45,2827.34,38413584900
2012-06-30,2810.13,2942.28,2726.68,2935.05,34836544500
2012-07-31,2938.41,2987.94,2837.72,2939.52,32258612400
2012-08-31,2956.72,3100.54,2890.85,3066.96,33209323500
2012-09-30,3063.25,3196.93,3040.24,3116.23,31359348900
2012-10-31,3130.31,3171.46,2961.16,2977.23,33821328600
2012-11-30,2987.54,3033.85,2810.8,3010.24,34311643200
2012-12-31,3029.21,3061.82,2951.04,3019.51,31175915700
2013-01-31,3091.33,3164.06,3076.6,3142.13,36295686600
2013-02-28,3162.94,3213.6,3105.36,3160.19,33261849900
2013-03-31,3143.54,3270.3,3129.4,3267.52,32908961400
2013-04-30,3268.63,3328.79,3154.96,3328.79,34321026900
2013-05-31,3325.35,3532.04,3296.51,3455.91,36403994400
2013-06-30,3460.76,3488.31,3294.95,3403.25,34901272500
2013-07-31,3430.48,3649.35,3415.23,3626.37,33377253600
2013-08-31,3654.18,3694.19,3573.57,3589.87,30629224500
2013-09-30,3622.64,3798.76,3593.62,3771.48,32547898200
2013-10-31,3774.18,3966.71,3650.03,3919.71,40005986700
2013-11-30,3932.45,4069.7,3855.07,4059.89,33311177100
2013-12-31,4065.66,4177.73,3979.59,4176.59,34539530400
2014-01-31,4160.03,4246.55,4044.76,4103.88,42061677300
2014-02-28,4105.06,4342.59,3968.19,4308.12,37179707400
2014-03-31,4261.42,4371.71,4131.81,4198.99,43520447400
2014-04-30,4219.87,4286.09,3946.03,4114.56,41283834600
2014-05-31,4121.25,4252.08,4021.05,4242.62,36539820900
2014-06-30,4247.96,4417.46,4207.61,4408.18,37431914100
2014-07-31,4424.71,4485.93,4351.04,4369.77,36768861300
2014-08-31,4363.39,4580.27,4321.89,4580.27,31078089000
2014-09-30,4592.42,4610.57,4464.44,4493.39,36856950900
2014-10-31,4486.65,4641.51,4116.6,4630.74,46626656700
2014-11-30,4633.71,4810.86,4594.92,4791.63,30660230700
2014-12-31,4777.73,4814.95,4547.31,4736.05,36815993700
2015-01-31,4760.24,4777.01,4563.11,4635.24,36008697900
2015-02-28,4650.6,4989.25,4580.46,4963.53,33268973700
2015-03-31,4973.43,5042.03,4826.2,4900.88,38319943200
2015-04-30,4894.36,5119.64,4845.02,4941.42,34791076800
2015-05-31,4966.32,5111.54,4888.19,5071.31,33474922200
2015-06-30,5094.94,5164.32,4956.23,4986.87,38445102600
2015-07-31,5029.05,5231.84,4901.71,5129.26,37789080600
2015-08-31,5134.34,5175.13,4293.79,4776.51,40369719000
2015-09-30,4673.61,4960.76,4487.35,4620.16,38598645600
2015-10-31,4624.46,5095.69,4552.38,5053.75,39383863200
2015-11-30,5065.64,5163.41,4908.98,5108.67,34256419800
2015-12-31,5129.64,5176.63,4871.63,5007.41,37774684200
2016-01-31,4897.65,4926.64,4313.46,4613.95,41735730900
2016-02-29,4587.59,4636.87,4209.81,4557.95,40091044500
2016-03-31,4596.01,4899.02,4583.6,4869.85,37887158400
2016-04-30,4842.55,4969.32,4741.27,4775.36,35353299000
2016-05-31,4786.55,4951.36,4678.38,4948.05,36087013200
2016-06-30,4928.97,4980.14,4574.25,4842.67,41118927000
2016-07-31,4837.18,5175.81,4786.01,5162.13,33526537200
2016-08-31,5167.42,5275.67,5109.8,5213.22,36041945400
2016-09-30,5218.28,5342.86,5098.03,5312,37250778000
2016-10-31,5300.29,5340.51,5169.81,5189.13,32219710500
2016-11-30,5199.77,5403.79,5034.41,5323.68,38939769600
2016-12-31,5323.88,5512.29,5238.27,5383.12,35860111800
2017-01-31,5425.62,5669.49,5397.99,5614.79,33506012100
2017-02-28,5654.51,5867.89,5616.42,5825.44,34139890800
2017-03-31,5874.86,5928.06,5769.39,5911.74,40862079600
2017-04-30,5917.32,6074.04,5805.15,6047.61,31427676000
2017-05-31,6067.56,6221.98,5996.82,6198.52,39325412700
2017-06-30,6215.91,6341.7,6087.81,6140.42,45281616300
2017-07-31,6173.29,6460.84,6081.96,6348.12,33538701600
2017-08-31,6372.16,6435.27,6177.19,6428.66,38350224000
2017-09-30,6442.17,6497.98,6334.59,6495.96,35504721600
2017-10-31,6506.08,6737.75,6484.14,6727.67,38521874100
2017-11-30,6758.64,6914.19,6667.31,6873.97,38939453400
2017-12-31,6844.04,7003.89,6734.13,6903.39,35873048100
2018-01-31,6937.66,7505.77,6924.08,7411.48,41297477700
2018-02-28,7377.17,7441.09,6630.67,7273.01,40726532100
2018-03-31,7274.75,7637.27,6901.07,7063.45,44970270900
2018-04-30,7016.17,7319.58,6805.96,7066.27,39926936700
2018-05-31,7053.65,7492.42,6991.14,7442.12,42226854600
2018-06-30,7487.66,7806.6,7419.56,7510.3,44924542800
2018-07-31,7451.9,7933.31,7443.1,7671.79,35970995700
2018-08-31,7701.82,8133.3,7659.52,8109.54,42687818400
2018-09-30,8087.95,8104.07,7873.93,8046.35,41427584700
2018-10-31,8091.5,8107.38,6922.83,7305.9,57102892800
2018-11-30,7327.82,7572.93,6830.76,7330.54,45161404500
2018-12-31,7486.13,7486.51,6190.16,6635.28,45391756200
2019-01-31,6506.91,7303.12,6457.13,7281.74,45755107200
2019-02-28,7256.37,7602.7,7225.14,7532.53,39343222200
2019-03-31,7587.45,7850.11,7332.92,7729.32,45705352200
2019-04-30,7800.23,8176.08,7777.09,8095.39,40141404000
2019-05-31,8132.93,8164.72,7448.23,7453.15,44086743000
2019-06-30,7441.22,8088.88,7292.22,8006.244,41390031300
2019-07-31,8145.85,8339.64,8059.29,8175.42,39086374800
2019-08-31,8190.56,8311.04,7662.91,7962.88,42864230100
2019-09-30,7906.44,8243.8,7847.32,7999.338,38560264500
2019-10-31,8026.83,8335.57,7700,8292.36,40898014800
2019-11-30,8335.05,8705.91,8326.56,8665.471,38671250700
2019-12-31,8672.85,9052,8435.4,8972.604,42725018400
2020-01-31,9039.46,9451.43,8943.5,9150.936,48784405500
2020-02-29,9190.72,9838.371,8264.159,8567.367,49288716600
2020-03-31,8667.145,9070.322,6631.422,7700.098,90092857200
2020-04-30,7459.5,8957.266,7288.113,8889.551,73188340200
2020-05-31,8681.291,9523.645,8537.828,9489.872,74759139013
2020-06-30,9471.418,10221.848,9403.004,10058.77,103708820779
2020-07-31,10063.672,10839.93,10048.04,10745.27,87128793766
2020-08-31,10848.637,11829.844,10762.711,11775.46,72377718616
2020-09-30,11850.965,12074.066,10519.492,11167.51,73498342863
2020-10-31,11291.992,11965.539,10822.57,10911.59,69383817918
2020-11-30,11010.449,12244.645,10830.945,12198.74,78859238986
2020-12-31,12313.363,12973.332,12214.738,12888.28,97695426843
2021-01-31,12958.523,13728.984,12543.242,13070.69,116802741190
2021-02-28,13226.18,14175.117,13003.98,13192.35,114965563668
2021-03-31,13406.164,13620.711,12397.054,13246.87,107520430422
2021-04-30,13414.325,14211.572,13404.178,13962.68,74395590027
2021-05-31,14031.77,14042.12,13002.54,13748.74,72457949611
2021-06-30,13829.05,14535.97,13548.93,14503.95,80356271552
2021-07-31,14493.69,14863.65,14178.66,14672.68,66145790210
2021-08-31,14758.61,15288.08,14423.16,15259.24,62325167007
2021-09-30,15308.98,15403.44,14444.3,14448.58,62199701682
2021-10-31,14494.93,15504.12,14181.69,15498.39,66116046335
2021-11-30,15541.26,16212.23,15451.39,15537.69,69531718769
2021-12-31,15752.27,15901.47,14860.04,15644.97,66292564395
2022-01-31,15732.5,15852.14,13094.65,14239.88,63104317598
2022-02-28,14277.43,14509.56,12587.88,13751.4,56457689020
2022-03-31,13716.7,14646.9,12555.35,14220.52,80265523254
2022-04-30,14269.53,14534.38,12315.74,12334.64,59484205455
2022-05-31,12331.69,12985.01,11035.69,12081.39,67863318545
2022-06-30,12176.89,12320.12,10565.14,11028.74,68741445188
2022-07-31,11006.84,12426.27,10911.45,12390.69,72589172813
2022-08-31,12317.96,13181.09,11790.02,11816.2,97587611200.85
2022-09-30,11707.44,12270.19,10572.33,10575.62,84038938009.729
2022-10-31,10659.01,11230.44,10088.83,10988.15,82296937508
2022-11-30,11154.74,11492.62,10262.93,11468,87024294485
2022-12-31,11475.17,11571.64,10207.47,10466.481,86279443380
2023-01-31,10562.06,11691.89,10265.04,11584.55,93922645182
2023-02-28,11573.14,12269.55,11334.46,11455.54,86426569638
2023-03-31,11447.58,12227.93,10982.8,12221.91,103354880685
2023-04-30,12146.09,12245.43,11798.77,12226.584,74907052369
2023-05-31,12210.05,13154.29,11925.37,12935.29,89118644549
2023-06-30,12944.46,13864.06,12903.63,13787.92,96097331222
2023-07-31,13798.7,14446.55,13567.25,14346.02,85477718262
2023-08-31,14274.93,14309.21,13161.76,14034.969,96221073365
2023-09-30,14129.96,14149.62,12963.16,13219.322,80133157242
2023-10-31,13217.98,13714.14,12543.86,12851.238,77502321647
2023-11-30,12887.06,14423.22,12875.2,14226.219,76258359205
2023-12-31,14181.36,15150.07,14058.52,15011.353,88738840761
2024-01-31,14873.7,15630.58,14477.57,15164.012,88278418127
2024-02-29,15254.02,16134.22,15208.88,16091.923,87356971229
2024-03-31,16109.82,16538.87,15862.63,16379.458,86959851476
2024-04-30,16397.05,16490.65,15222.78,15657.822,86201922757
2024-05-31,15646.09,17032.66,15557.64,16735.016,110241237889
2024-06-30,16865.71,18032.781,16646.43,17732.604,84911120358
2024-07-31,17773.9,18671.07,17015.38,17599.4,91535403368
2024-08-31,17647.03,18017.69,15708.54,17713.625,92551363376
2024-09-30,17585.45,18327.34,16668.57,18189.17,86952750911
2024-10-31,18154.94,18785.5,17767.79,18095.15,94679744848
2024-11-30,18189.67,19366.07,18112.83,19218.17,99580953566
2024-12-31,19255.43,20204.58,19168.38,19310.79,111068512780
2025-01-31,19403.9,20118.61,18831.91,19627.44,114488109079
2025-02-28,19215.38,20110.12,18373.8,18847.28,108709817975
2025-03-31,18923.36,18992.3,16857.98,17299.29,115055474035
2025-04-30,17221.55,17716.52,14784.03,17446.34,124736434759
2025-05-31,17793.14,19389.39,17503.02,19113.77,131302565899
2025-06-30,19063.06,20418.31,18985.3,20369.73,127376140775
